#------------------------------------------------- WARNING --------------------------------------------,,,,
# ,,,,
# The data you have obtained from this automated Natural Resources Conservation Service ,,,,
# database are subject to revision regardless of indicated Quality Assurance level. ,,,,
# Data are released on condition that neither the NRCS nor the United States Government ,,,,
# may be held liable for any damages resulting from its use. ,,,,
# ,,,,
# Help and Tutorials: https://www.nrcs.usda.gov/wps/portal/wcc/home/dataAccessHelp/helpCenters/reportGeneratorHelp/,,,,
# ,,,,
# Support Contact: usdafpacbc@servicenowservices.com,,,,
# ,,,,
#------------------------------------------------------------------------------------------------------,,,,
# ,,,,
# Reporting Frequency: Monthly,,,,
# Date Range: Period of Record,,,,
#,,,,
# Data for the following site(s) are contained in this file:,,,,
#,,,,
"#       STREAMFLOW 13139510: Big Wood R at Hailey, ID",,,,
# ,,,,
# Data items provided in this file:,,,,
#,,,,
# Element Name             Value Type               Function Type  Function Duration  Base Data  Measurement Units  Sensor Depth  Element Code  Description                                                                           ,,,,
"# Stream Volume, Adjusted  Value                    None           Month              N/A        Acre feet          N/A           SRVO          Streamflow volume adjusted for significant human regulation where data are available  ",,,,
"# Stream Volume, Adjusted  Normal (1981-2010)       None           Month              N/A        Acre feet          N/A           SRVO          Streamflow volume adjusted for significant human regulation where data are available  ",,,,
"# Stream Volume, Adjusted  % of normal (1981-2010)  None           Month              N/A        Acre feet          N/A           SRVO          Streamflow volume adjusted for significant human regulation where data are available  ",,,,
# ,,,,
# Quality Control flags included:,,,,
#,,,,
# Flag    Name                Description,,,,
#  V      Valid               Validated Data,,,,
#  N      No Profile          No profile for automated validation,,,,
"#  E      Edit                Edit, minor adjustment for sensor noise",,,,
#  B      Back Estimate       Regression-based estimate for homogenizing collocated Snow Course and Snow Pillow data sets,,,,
#  K      Estimate            Estimate,,,,
#  X      External Estimate   External estimate,,,,
#  S      Suspect             Suspect data,,,,
# ,,,,
# Quality Assurance flags included:,,,,
#,,,,
# Flag    Name                Description,,,,
#  U      Unknown             Unknown,,,,
#  R      Raw                 No Human Review,,,,
#  P      Provisional         Preliminary Human Review,,,,
#  A      Approved            Processing and Final Review Completed,,,,
# ,,,,
#------------------------------------------------------------------------------------------------------,,,,
# ,,,,
# Big Wood R At Hailey (13139510) ,,,,
# Idaho  STREAMFLOW Site - 5295 ft,,,,
# Reporting Frequency: Monthly; Date Range: Period of Record,,,,
#,,,,
"# As of: Sep 7, 2021 3:02:18 PM GMT-08:00",,,,
#,,,,
Date,"Stream Volume, Adjusted (ac_ft)","Normal Stream Volume, Adjusted (1981-2010) (ac_ft)",Stream Volume,Adjusted % of Normal (1981-2010)
Jul,1915,34385,39424,87
Aug,1915,13547,16391,83
Sep,1915,10998,11879,93
Oct,1915,10689,12649,85
Nov,1915,9808,11395,86
Dec,1915,9509,9705,98
Jan,1916,9368,9845,95
Feb,1916,9045,8523,106
Mar,1916,15461,12995,119
Apr,1916,49057,29845,164
May,1916,80126,77700,103
Jun,1916,113018,87626,129
Jul,1916,72530,39424,184
Aug,1916,21497,16391,131
Sep,1916,13743,11879,116
Oct,1916,13394,12649,106
Nov,1916,10760,11395,94
Dec,1916,10050,9705,104
Jan,1917,9951,9845,101
Feb,1917,9160,8523,107
Mar,1917,8771,12995,68
Apr,1917,13214,29845,44
May,1917,89556,77700,115
Jun,1917,142790,87626,163
Jul,1917,70179,39424,178
Aug,1917,20733,16391,126
Sep,1917,11611,11879,98
Oct,1917,11782,12649,93
Nov,1917,11129,11395,98
Dec,1917,11752,9705,121
Jan,1918,10270,9845,104
Feb,1918,8545,8523,100
Mar,1918,12520,12995,96
Apr,1918,27888,29845,93
May,1918,54601,77700,70
Jun,1918,93681,87626,107
Jul,1918,27598,39424,70
Aug,1918,14456,16391,88
Sep,1918,12496,11879,105
Oct,1918,17010,12649,134
Nov,1918,13488,11395,118
Dec,1918,12107,9705,125
Jan,1919,10360,9845,105
Feb,1919,9612,8523,113
Mar,1919,10592,12995,82
Apr,1919,30914,29845,104
May,1919,68172,77700,88
Jun,1919,35098,87626,40
Jul,1919,11336,39424,29
Aug,1919,8380,16391,51
Sep,1919,8924,11879,75
Oct,1919,10251,12649,81
Nov,1919,11209,11395,98
Dec,1919,10729,9705,111
Jan,1920,9717,9845,99
Feb,1920,9045,8523,106
Mar,1920,8600,12995,66
Apr,1920,15021,29845,50
May,1920,51701,77700,67
Jun,1920,54738,87626,62
Jul,1920,26777,39424,68
Aug,1920,9735,16391,59
Sep,1920,9318,11879,78
Oct,1920,12605,12649,100
Nov,1920,11766,11395,103
Dec,1920,9382,9705,97
Jan,1921,8787,9845,89
Feb,1921,7853,8523,92
Mar,1921,12736,12995,98
Apr,1921,32797,29845,110
May,1921,113098,77700,146
Jun,1921,153759,87626,175
Jul,1921,50446,39424,128
Aug,1921,21586,16391,132
Sep,1921,16808,11879,141
Oct,1921,16020,12649,127
Nov,1921,12534,11395,110
Dec,1921,9467,9705,98
Jan,1922,8842,9845,90
Feb,1922,8521,8523,100
Mar,1922,9788,12995,75
Apr,1922,21517,29845,72
May,1922,102827,77700,132
Jun,1922,154949,87626,177
Jul,1922,44824,39424,114
Aug,1922,19323,16391,118
Sep,1922,13313,11879,112
Oct,1922,12541,12649,99
Nov,1922,11379,11395,100
Dec,1922,10556,9705,109
Jan,1923,9915,9845,101
Feb,1923,8688,8523,102
Mar,1923,11879,12995,91
Apr,1923,27138,29845,91
May,1923,73214,77700,94
Jun,1923,85803,87626,98
Jul,1923,67345,39424,171
Aug,1923,22683,16391,138
Sep,1923,15715,11879,132
Oct,1923,18042,12649,143
Nov,1923,14047,11395,123
Dec,1923,9915,9705,102
Jan,1924,9287,9845,94
Feb,1924,9763,8523,115
Mar,1924,10253,12995,79
Apr,1924,17536,29845,59
May,1924,33469,77700,43
Jun,1924,16740,87626,19
Jul,1924,9037,39424,23
Aug,1924,6335,16391,39
Sep,1924,6337,11879,53
Oct,1924,8231,12649,65
Nov,1924,7825,11395,69
Dec,1924,7206,9705,74
Jan,1925,7260,9845,74
Feb,1925,6855,8523,80
Mar,1925,9598,12995,74
Apr,1925,46215,29845,155
May,1925,128846,77700,166
Jun,1925,92192,87626,105
Jul,1925,52019,39424,132
Aug,1925,19793,16391,121
Sep,1925,14644,11879,123
Oct,1925,15239,12649,120
Nov,1925,11623,11395,102
Dec,1925,10988,9705,113
Jan,1926,9780,9845,99
Feb,1926,8420,8523,99
Mar,1926,14840,12995,114
Apr,1926,32087,29845,108
May,1926,37303,77700,48
Jun,1926,20668,87626,24
Jul,1926,10080,39424,26
Aug,1926,7369,16391,45
Sep,1926,6740,11879,57
Oct,1926,7402,12649,59
Nov,1926,7841,11395,69
Dec,1926,7218,9705,74
Jan,1927,7571,9845,77
Feb,1927,5460,8523,64
Mar,1927,8662,12995,67
Apr,1927,23754,29845,80
May,1927,85486,77700,110
Jun,1927,135491,87626,155
Jul,1927,51763,39424,131
Aug,1927,19779,16391,121
Sep,1927,15608,11879,131
Oct,1927,15005,12649,119
Nov,1927,15185,11395,133
Dec,1927,11508,9705,119
Jan,1928,9844,9845,100
Feb,1928,8650,8523,101
Mar,1928,13775,12995,106
Apr,1928,22378,29845,75
May,1928,102619,77700,132
Jun,1928,46237,87626,53
Jul,1928,22758,39424,58
Aug,1928,10342,16391,63
Sep,1928,8402,11879,71
Oct,1928,9281,12649,73
Nov,1928,9479,11395,83
Dec,1928,7464,9705,77
Jan,1929,6932,9845,70
Feb,1929,6056,8523,71
Mar,1929,7831,12995,60
Apr,1929,11379,29845,38
May,1929,32692,77700,42
Jun,1929,38366,87626,44
Jul,1929,17135,39424,43
Aug,1929,8725,16391,53
Sep,1929,7607,11879,64
Oct,1929,7202,12649,57
Nov,1929,6430,11395,56
Dec,1929,8690,9705,90
Jan,1930,6383,9845,65
Feb,1930,7095,8523,83
Mar,1930,11244,12995,87
Apr,1930,42774,29845,143
May,1930,58259,77700,75
Jun,1930,59772,87626,68
Jul,1930,23042,39424,58
Aug,1930,11090,16391,68
Sep,1930,9134,11879,77
Oct,1930,12040,12649,95
Nov,1930,9233,11395,81
Dec,1930,7162,9705,74
Jan,1931,7313,9845,74
Feb,1931,5825,8523,68
Mar,1931,7089,12995,55
Apr,1931,13377,29845,45
May,1931,26854,77700,35
Jun,1931,18083,87626,21
Jul,1931,6803,39424,17
Aug,1931,4842,16391,30
Sep,1931,4094,11879,34
Oct,1931,5189,12649,41
Nov,1931,5500,11395,48
Dec,1931,5847,9705,60
Jan,1932,4881,9845,50
Feb,1932,5488,8523,64
Mar,1932,6615,12995,51
Apr,1932,21412,29845,72
May,1932,77867,77700,100
Jun,1932,113706,87626,130
Jul,1932,44075,39424,112
Aug,1932,14126,16391,86
Sep,1932,11310,11879,95
Oct,1932,10385,12649,82
Nov,1932,9384,11395,82
Dec,1932,8362,9705,86
Jan,1933,7868,9845,80
Feb,1933,6857,8523,80
Mar,1933,7323,12995,56
Apr,1933,15154,29845,51
May,1933,41393,77700,53
Jun,1933,82675,87626,94
Jul,1933,19646,39424,50
Aug,1933,8594,16391,52
Sep,1933,7299,11879,61
Oct,1933,7345,12649,58
Nov,1933,8319,11395,73
Dec,1933,7615,9705,78
Jan,1934,6984,9845,71
Feb,1934,7061,8523,83
Mar,1934,12601,12995,97
Apr,1934,23024,29845,77
May,1934,25599,77700,33
Jun,1934,13993,87626,16
Jul,1934,7012,39424,18
Aug,1934,4606,16391,28
Sep,1934,4235,11879,36
Oct,1934,5179,12649,41
Nov,1934,6260,11395,55
Dec,1934,6077,9705,63
Jan,1935,6129,9845,62
Feb,1935,6020,8523,71
Mar,1935,7168,12995,55
Apr,1935,19218,29845,64
May,1935,59627,77700,77
Jun,1935,86598,87626,99
Jul,1935,30147,39424,76
Aug,1935,10241,16391,62
Sep,1935,7769,11879,65
Oct,1935,7589,12649,60
Nov,1935,7549,11395,66
Dec,1935,6752,9705,70
Jan,1936,7049,9845,72
Feb,1936,6389,8523,75
Mar,1936,6869,12995,53
Apr,1936,38707,29845,130
May,1936,71695,77700,92
Jun,1936,54264,87626,62
Jul,1936,15969,39424,41
Aug,1936,10040,16391,61
Sep,1936,7716,11879,65
Oct,1936,7874,12649,62
Nov,1936,6547,11395,57
Dec,1936,6042,9705,62
Jan,1937,6190,9845,63
Feb,1937,6282,8523,74
Mar,1937,7313,12995,56
Apr,1937,14940,29845,50
May,1937,51495,77700,66
Jun,1937,29421,87626,34
Jul,1937,14241,39424,36
Aug,1937,7204,16391,44
Sep,1937,5568,11879,47
Oct,1937,5855,12649,46
Nov,1937,6411,11395,56
Dec,1937,8335,9705,86
Jan,1938,6720,9845,68
Feb,1938,7109,8523,83
Mar,1938,8606,12995,66
Apr,1938,44479,29845,149
May,1938,149534,77700,192
Jun,1938,168793,87626,193
Jul,1938,77607,39424,197
Aug,1938,22927,16391,140
Sep,1938,16405,11879,138
Oct,1938,17580,12649,139
Nov,1938,14485,11395,127
Dec,1938,12504,9705,129
Jan,1939,11088,9845,113
Feb,1939,8949,8523,105
Mar,1939,17706,12995,136
Apr,1939,35341,29845,118
May,1939,42573,77700,55
Jun,1939,23613,87626,27
Jul,1939,13821,39424,35
Aug,1939,7613,16391,46
Sep,1939,7557,11879,64
Oct,1939,8769,12649,69
Nov,1939,7654,11395,67
Dec,1939,7250,9705,75
Jan,1940,6413,9845,65
Feb,1940,6424,8523,75
Mar,1940,11730,12995,90
Apr,1940,36899,29845,124
May,1940,80596,77700,104
Jun,1940,53883,87626,61
Jul,1940,16838,39424,43
Aug,1940,8731,16391,53
Sep,1940,10967,11879,92
Oct,1940,13561,12649,107
Nov,1940,11387,11395,100
Dec,1940,9106,9705,94
Jan,1941,8660,9845,88
Feb,1941,7989,8523,94
Mar,1941,12946,12995,100
Apr,1941,27816,29845,93
May,1941,78103,77700,101
Jun,1941,74870,87626,85
Jul,1941,28300,39424,72
Aug,1941,18141,16391,111
Sep,1941,13428,11879,113
Oct,1941,12254,12649,97
Nov,1941,11627,11395,102
Dec,1941,12476,9705,129
Jan,1942,10742,9845,109
Feb,1942,8801,8523,103
Mar,1942,9693,12995,75
Apr,1942,51152,29845,171
May,1942,67055,77700,86
Jun,1942,91974,87626,105
Jul,1942,52675,39424,134
Aug,1942,16257,16391,99
Sep,1942,11088,11879,93
Oct,1942,11300,12649,89
Nov,1942,11500,11395,101
Dec,1942,10036,9705,103
Jan,1943,9814,9845,100
Feb,1943,9981,8523,117
Mar,1943,13069,12995,101
Apr,1943,84355,29845,283
May,1943,124840,77700,161
Jun,1943,135193,87626,154
Jul,1943,98047,39424,249
Aug,1943,28288,16391,173
Sep,1943,16241,11879,137
Oct,1943,16840,12649,133
Nov,1943,14404,11395,126
Dec,1943,10957,9705,113
Jan,1944,10300,9845,105
Feb,1944,9106,8523,107
Mar,1944,9796,12995,75
Apr,1944,21146,29845,71
May,1944,60754,77700,78
Jun,1944,67434,87626,77
Jul,1944,41782,39424,106
Aug,1944,14696,16391,90
Sep,1944,9507,11879,80
Oct,1944,11006,12649,87
Nov,1944,11272,11395,99
Dec,1944,9523,9705,98
Jan,1945,9269,9845,94
Feb,1945,8225,8523,97
Mar,1945,9646,12995,74
Apr,1945,18785,29845,63
May,1945,52915,77700,68
Jun,1945,67525,87626,77
Jul,1945,39310,39424,100
Aug,1945,13767,16391,84
Sep,1945,10260,11879,86
Oct,1945,8822,12649,70
Nov,1945,10132,11395,89
Dec,1945,9219,9705,95
Jan,1946,9586,9845,97
Feb,1946,8598,8523,101
Mar,1946,11429,12995,88
Apr,1946,57703,29845,193
May,1946,91359,77700,118
Jun,1946,72641,87626,83
Jul,1946,30089,39424,76
Aug,1946,13158,16391,80
Sep,1946,12956,11879,109
Oct,1946,15687,12649,124
Nov,1946,12821,11395,113
Dec,1946,10243,9705,106
Jan,1947,9088,9845,92
Feb,1947,9259,8523,109
Mar,1947,17008,12995,131
Apr,1947,39207,29845,131
May,1947,89316,77700,115
Jun,1947,59849,87626,68
Jul,1947,31736,39424,81
Aug,1947,12827,16391,78
Sep,1947,10161,11879,86
Oct,1947,12432,12649,98
Nov,1947,11139,11395,98
Dec,1947,9253,9705,95
Jan,1948,8817,9845,90
Feb,1948,7751,8523,91
Mar,1948,8003,12995,62
Apr,1948,20662,29845,69
May,1948,65226,77700,84
Jun,1948,100080,87626,114
Jul,1948,33427,39424,85
Aug,1948,12543,16391,77
Sep,1948,9118,11879,77
Oct,1948,11679,12649,92
Nov,1948,10024,11395,88
Dec,1948,9626,9705,99
Jan,1949,9937,9845,101
Feb,1949,7980,8523,94
Mar,1949,9338,12995,72
Apr,1949,36365,29845,122
May,1949,75336,77700,97
Jun,1949,53127,87626,61
Jul,1949,18446,39424,47
Aug,1949,9080,16391,55
Sep,1949,7478,11879,63
Oct,1949,8400,12649,66
Nov,1949,9158,11395,80
Dec,1949,7862,9705,81
Jan,1950,7980,9845,81
Feb,1950,7174,8523,84
Mar,1950,8021,12995,62
Apr,1950,25738,29845,86
May,1950,67563,77700,87
Jun,1950,83583,87626,95
Jul,1950,45667,39424,116
Aug,1950,16221,16391,99
Sep,1950,13884,11879,117
Oct,1950,13615,12649,108
Nov,1950,14110,11395,124
Dec,1950,11712,9705,121
Jan,1951,9840,9845,100
Feb,1951,9878,8523,116
Mar,1951,10834,12995,83
Apr,1951,55442,29845,186
May,1951,112566,77700,145
Jun,1951,88372,87626,101
Jul,1951,53101,39424,135
Aug,1951,23982,16391,146
Sep,1951,14112,11879,119
Oct,1951,15987,12649,126
Nov,1951,12272,11395,108
Dec,1951,11324,9705,117
Jan,1952,11466,9845,116
Feb,1952,9894,8523,116
Mar,1952,10338,12995,80
Apr,1952,57727,29845,193
May,1952,167901,77700,216
Jun,1952,126407,87626,144
Jul,1952,54827,39424,139
Aug,1952,22528,16391,137
Sep,1952,16007,11879,135
Oct,1952,13732,12649,109
Nov,1952,11522,11395,101
Dec,1952,12244,9705,126
Jan,1953,12841,9845,130
Feb,1953,9529,8523,112
Mar,1953,12974,12995,100
Apr,1953,36474,29845,122
May,1953,48639,77700,63
Jun,1953,92025,87626,105
Jul,1953,58764,39424,149
Aug,1953,18508,16391,113
Sep,1953,11105,11879,93
Oct,1953,12419,12649,98
Nov,1953,10877,11395,95
Dec,1953,9384,9705,97
Jan,1954,9816,9845,100
Feb,1954,8898,8523,104
Mar,1954,10425,12995,80
Apr,1954,34834,29845,117
May,1954,80099,77700,103
Jun,1954,55418,87626,63
Jul,1954,39320,39424,100
Aug,1954,13924,16391,85
Sep,1954,9665,11879,81
Oct,1954,10967,12649,87
Nov,1954,9693,11395,85
Dec,1954,8319,9705,86
Jan,1955,8085,9845,82
Feb,1955,7061,8523,83
Mar,1955,7339,12995,56
Apr,1955,9816,29845,33
May,1955,43928,77700,57
Jun,1955,70967,87626,81
Jul,1955,30873,39424,78
Aug,1955,12879,16391,79
Sep,1955,8565,11879,72
Oct,1955,8616,12649,68
Nov,1955,9477,11395,83
Dec,1955,13440,9705,138
Jan,1956,11518,9845,117
Feb,1956,8364,8523,98
Mar,1956,11609,12995,89
Apr,1956,57437,29845,192
May,1956,142909,77700,184
Jun,1956,129064,87626,147
Jul,1956,47954,39424,122
Aug,1956,19075,16391,116
Sep,1956,13377,11879,113
Oct,1956,14989,12649,119
Nov,1956,12284,11395,108
Dec,1956,10752,9705,111
Jan,1957,9334,9845,95
Feb,1957,8668,8523,102
Mar,1957,10697,12995,82
Apr,1957,21939,29845,74
May,1957,100836,77700,130
Jun,1957,115418,87626,132
Jul,1957,44118,39424,112
Aug,1957,17100,16391,104
Sep,1957,11887,11879,100
Oct,1957,12966,12649,103
Nov,1957,11457,11395,101
Dec,1957,11066,9705,114
Jan,1958,10082,9845,102
Feb,1958,9148,8523,107
Mar,1958,10102,12995,78
Apr,1958,24240,29845,81
May,1958,179940,77700,232
Jun,1958,117798,87626,134
Jul,1958,43630,39424,111
Aug,1958,20404,16391,124
Sep,1958,14535,11879,122
Oct,1958,12728,12649,101
Nov,1958,12373,11395,109
Dec,1958,11288,9705,116
Jan,1959,10163,9845,103
Feb,1959,9128,8523,107
Mar,1959,10098,12995,78
Apr,1959,23492,29845,79
May,1959,33703,77700,43
Jun,1959,57291,87626,65
Jul,1959,19743,39424,50
Aug,1959,9455,16391,58
Sep,1959,13646,11879,115
Oct,1959,14858,12649,117
Nov,1959,11006,11395,97
Dec,1959,8924,9705,92
Jan,1960,8672,9845,88
Feb,1960,7384,8523,87
Mar,1960,11365,12995,87
Apr,1960,33176,29845,111
May,1960,41036,77700,53
Jun,1960,45802,87626,52
Jul,1960,14267,39424,36
Aug,1960,7605,16391,46
Sep,1960,7281,11879,61
Oct,1960,7981,12649,63
Nov,1960,7591,11395,67
Dec,1960,7140,9705,74
Jan,1961,7488,9845,76
Feb,1961,6561,8523,77
Mar,1961,7571,12995,58
Apr,1961,15628,29845,52
May,1961,32434,77700,42
Jun,1961,45644,87626,52
Jul,1961,13813,39424,35
Aug,1961,8981,16391,55
Sep,1961,9412,11879,79
Oct,1961,9596,12649,76
Nov,1961,8467,11395,74
Dec,1961,7121,9705,73
Jan,1962,7365,9845,75
Feb,1962,7886,8523,93
Mar,1962,8525,12995,66
Apr,1962,42942,29845,144
May,1962,59397,77700,76
Jun,1962,88187,87626,101
Jul,1962,36137,39424,92
Aug,1962,16223,16391,99
Sep,1962,11504,11879,97
Oct,1962,13714,12649,108
Nov,1962,10863,11395,95
Dec,1962,9560,9705,99
Jan,1963,8323,9845,85
Feb,1963,10066,8523,118
Mar,1963,10320,12995,79
Apr,1963,14501,29845,49
May,1963,74658,77700,96
Jun,1963,97150,87626,111
Jul,1963,42605,39424,108
Aug,1963,16231,16391,99
Sep,1963,13085,11879,110
Oct,1963,12815,12649,101
Nov,1963,12754,11395,112
Dec,1963,9911,9705,102
Jan,1964,9086,9845,92
Feb,1964,8729,8523,102
Mar,1964,8932,12995,69
Apr,1964,24863,29845,83
May,1964,60549,77700,78
Jun,1964,87729,87626,100
Jul,1964,44458,39424,113
Aug,1964,16300,16391,99
Sep,1964,10937,11879,92
Oct,1964,11276,12649,89
Nov,1964,10372,11395,91
Dec,1964,13321,9705,137
Jan,1965,14182,9845,144
Feb,1965,10391,8523,122
Mar,1965,13045,12995,100
Apr,1965,52100,29845,175
May,1965,128846,77700,166
Jun,1965,176807,87626,202
Jul,1965,109684,39424,278
Aug,1965,42145,16391,257
Sep,1965,26513,11879,223
Oct,1965,19327,12649,153
Nov,1965,15624,11395,137
Dec,1965,11996,9705,124
Jan,1966,12294,9845,125
Feb,1966,9576,8523,112
Mar,1966,10996,12995,85
Apr,1966,30561,29845,102
May,1966,50628,77700,65
Jun,1966,34203,87626,39
Jul,1966,14993,39424,38
Aug,1966,8940,16391,55
Sep,1966,7738,11879,65
Oct,1966,9106,12649,72
Nov,1966,9398,11395,82
Dec,1966,8759,9705,90
Jan,1967,9435,9845,96
Feb,1967,7952,8523,93
Mar,1967,10689,12995,82
Apr,1967,17931,29845,60
May,1967,115876,77700,149
Jun,1967,166473,87626,190
Jul,1967,74531,39424,189
Aug,1967,22423,16391,137
Sep,1967,15804,11879,133
Oct,1967,17841,12649,141
Nov,1967,14807,11395,130
Dec,1967,12365,9705,127
Jan,1968,10879,9845,111
Feb,1968,9898,8523,116
Mar,1968,14212,12995,109
Apr,1968,22528,29845,75
May,1968,33431,77700,43
Jun,1968,59280,87626,68
Jul,1968,22645,39424,57
Aug,1968,18272,16391,111
Sep,1968,14543,11879,122
Oct,1968,13783,12649,109
Nov,1968,11847,11395,104
Dec,1968,9890,9705,102
Jan,1969,10253,9845,104
Feb,1969,9247,8523,108
Mar,1969,10677,12995,82
Apr,1969,79115,29845,265
May,1969,186843,77700,240
Jun,1969,120678,87626,138
Jul,1969,46502,39424,118
Aug,1969,19920,16391,122
Sep,1969,15215,11879,128
Oct,1969,15753,12649,125
Nov,1969,11814,11395,104
Dec,1969,10665,9705,110
Jan,1970,10528,9845,107
Feb,1970,8612,8523,101
Mar,1970,11284,12995,87
Apr,1970,17560,29845,59
May,1970,68235,77700,88
Jun,1970,99650,87626,114
Jul,1970,51848,39424,132
Aug,1970,17585,16391,107
Sep,1970,14961,11879,126
Oct,1970,15312,12649,121
Nov,1970,15650,11395,137
Dec,1970,12801,9705,132
Jan,1971,11939,9845,121
Feb,1971,12006,8523,141
Mar,1971,12974,12995,100
Apr,1971,32100,29845,108
May,1971,133309,77700,172
Jun,1971,155841,87626,178
Jul,1971,71681,39424,182
Aug,1971,25412,16391,155
Sep,1971,19789,11879,167
Oct,1971,20144,12649,159
Nov,1971,15667,11395,137
Dec,1971,12367,9705,127
Jan,1972,13144,9845,134
Feb,1972,12077,8523,142
Mar,1972,20598,12995,159
Apr,1972,26212,29845,88
May,1972,77695,77700,100
Jun,1972,151914,87626,173
Jul,1972,41393,39424,105
Aug,1972,20307,16391,124
Sep,1972,15888,11879,134
Oct,1972,17008,12649,134
Nov,1972,13658,11395,120
Dec,1972,10094,9705,104
Jan,1973,10062,9845,102
Feb,1973,9132,8523,107
Mar,1973,9874,12995,76
Apr,1973,19726,29845,66
May,1973,53129,77700,68
Jun,1973,44586,87626,51
Jul,1973,20638,39424,52
Aug,1973,11185,16391,68
Sep,1973,9691,11879,82
Oct,1973,10378,12649,82
Nov,1973,12478,11395,110
Dec,1973,10211,9705,105
Jan,1974,11131,9845,113
Feb,1974,9344,8523,110
Mar,1974,17139,12995,132
Apr,1974,64774,29845,217
May,1974,135193,77700,174
Jun,1974,188112,87626,215
Jul,1974,58570,39424,149
Aug,1974,23240,16391,142
Sep,1974,14632,11879,123
Oct,1974,15015,12649,119
Nov,1974,13275,11395,117
Dec,1974,10534,9705,109
Jan,1975,10338,9845,105
Feb,1975,8751,8523,103
Mar,1975,9949,12995,77
Apr,1975,12460,29845,42
May,1975,66563,77700,86
Jun,1975,132536,87626,151
Jul,1975,93289,39424,237
Aug,1975,24119,16391,147
Sep,1975,15031,11879,127
Oct,1975,15727,12649,124
Nov,1975,13868,11395,122
Dec,1975,12403,9705,128
Jan,1976,11155,9845,113
Feb,1976,10389,8523,122
Mar,1976,11030,12995,85
Apr,1976,29258,29845,98
May,1976,91380,77700,118
Jun,1976,66305,87626,76
Jul,1976,31648,39424,80
Aug,1976,21475,16391,131
Sep,1976,18551,11879,156
Oct,1976,14630,12649,116
Nov,1976,10909,11395,96
Dec,1976,9354,9705,96
Jan,1977,8789,9845,89
Feb,1977,7343,8523,86
Mar,1977,8220,12995,63
Apr,1977,8961,29845,30
May,1977,12389,77700,16
Jun,1977,34175,87626,39
Jul,1977,15388,39424,39
Aug,1977,9382,16391,57
Sep,1977,8384,11879,71
Oct,1977,9120,12649,72
Nov,1977,7970,11395,70
Dec,1977,8362,9705,86
Jan,1978,8110,9845,82
Feb,1978,7295,8523,86
Mar,1978,12177,12995,94
Apr,1978,37097,29845,124
May,1978,81072,77700,104
Jun,1978,106116,87626,121
Jul,1978,58717,39424,149
Aug,1978,21306,16391,130
Sep,1978,20586,11879,173
Oct,1978,14148,12649,112
Nov,1978,11681,11395,103
Dec,1978,9844,9705,101
Jan,1979,9675,9845,98
Feb,1979,8190,8523,96
Mar,1979,10387,12995,80
Apr,1979,17663,29845,59
May,1979,56216,77700,72
Jun,1979,40883,87626,47
Jul,1979,17403,39424,44
Aug,1979,12785,16391,78
Sep,1979,9140,11879,77
Oct,1979,9332,12649,74
Nov,1979,8327,11395,73
Dec,1979,8095,9705,83
Jan,1980,8951,9845,91
Feb,1980,8182,8523,96
Mar,1980,9461,12995,73
Apr,1980,38206,29845,128
May,1980,106136,77700,137
Jun,1980,98896,87626,113
Jul,1980,64524,39424,164
Aug,1980,22338,16391,136
Sep,1980,18462,11879,155
Oct,1980,15896,12649,126
Nov,1980,12776,11395,112
Dec,1980,11457,9705,118
Jan,1981,10901,9845,111
Feb,1981,9459,8523,111
Mar,1981,13265,12995,102
Apr,1981,33808,29845,113
May,1981,73662,77700,95
Jun,1981,80515,87626,92
Jul,1981,27630,39424,70
Aug,1981,12619,16391,77
Sep,1981,9043,11879,76
Oct,1981,12385,12649,98
Nov,1981,11522,11395,101
Dec,1981,9743,9705,100
Jan,1982,9249,9845,94
Feb,1982,8979,8523,105
Mar,1982,13258,12995,102
Apr,1982,29278,29845,98
May,1982,147154,77700,189
Jun,1982,171213,87626,195
Jul,1982,87661,39424,222
Aug,1982,30722,16391,187
Sep,1982,19394,11879,163
Oct,1982,18714,12649,148
Nov,1982,15263,11395,134
Dec,1982,13505,9705,139
Jan,1983,13039,9845,132
Feb,1983,10986,8523,129
Mar,1983,16778,12995,129
Apr,1983,29377,29845,98
May,1983,134598,77700,173
Jun,1983,194717,87626,222
Jul,1983,95312,39424,242
Aug,1983,41972,16391,256
Sep,1983,25331,11879,213
Oct,1983,26253,12649,208
Nov,1983,25601,11395,225
Dec,1983,19900,9705,205
Jan,1984,17764,9845,180
Feb,1984,15840,8523,186
Mar,1984,17714,12995,136
Apr,1984,38132,29845,128
May,1984,107883,77700,139
Jun,1984,118116,87626,135
Jul,1984,68398,39424,173
Aug,1984,28832,16391,176
Sep,1984,19557,11879,165
Oct,1984,17383,12649,137
Nov,1984,15429,11395,135
Dec,1984,13799,9705,142
Jan,1985,13289,9845,135
Feb,1985,10497,8523,123
Mar,1985,13103,12995,101
Apr,1985,42361,29845,142
May,1985,61642,77700,79
Jun,1985,44559,87626,51
Jul,1985,20263,39424,51
Aug,1985,13490,16391,82
Sep,1985,22806,11879,192
Oct,1985,16312,12649,129
Nov,1985,12732,11395,112
Dec,1985,12026,9705,124
Jan,1986,11641,9845,118
Feb,1986,10798,8523,127
Mar,1986,29193,12995,225
Apr,1986,70108,29845,235
May,1986,111630,77700,144
Jun,1986,143405,87626,164
Jul,1986,42678,39424,108
Aug,1986,21166,16391,129
Sep,1986,17240,11879,145
Oct,1986,17084,12649,135
Nov,1986,13426,11395,118
Dec,1986,10278,9705,106
Jan,1987,9544,9845,97
Feb,1987,8458,8523,99
Mar,1987,13067,12995,101
Apr,1987,22340,29845,75
May,1987,44580,77700,57
Jun,1987,30972,87626,35
Jul,1987,17445,39424,44
Aug,1987,10598,16391,65
Sep,1987,7634,11879,64
Oct,1987,7702,12649,61
Nov,1987,7813,11395,69
Dec,1987,7468,9705,77
Jan,1988,7335,9845,75
Feb,1988,6851,8523,80
Mar,1988,9408,12995,72
Apr,1988,20436,29845,68
May,1988,38186,77700,49
Jun,1988,42561,87626,49
Jul,1988,13319,39424,34
Aug,1988,8168,16391,50
Sep,1988,6891,11879,58
Oct,1988,7359,12649,58
Nov,1988,7424,11395,65
Dec,1988,7085,9705,73
Jan,1989,7375,9845,75
Feb,1989,6315,8523,74
Mar,1989,9170,12995,71
Apr,1989,38295,29845,128
May,1989,61131,77700,79
Jun,1989,56743,87626,65
Jul,1989,21590,39424,55
Aug,1989,10727,16391,65
Sep,1989,9279,11879,78
Oct,1989,10136,12649,80
Nov,1989,9261,11395,81
Dec,1989,8069,9705,83
Jan,1990,7730,9845,79
Feb,1990,6738,8523,79
Mar,1990,9630,12995,74
Apr,1990,26148,29845,88
May,1990,28510,77700,37
Jun,1990,49456,87626,56
Jul,1990,22084,39424,56
Aug,1990,11399,16391,70
Sep,1990,9047,11879,76
Oct,1990,9195,12649,73
Nov,1990,8666,11395,76
Dec,1990,7523,9705,78
Jan,1991,7057,9845,72
Feb,1991,6085,8523,71
Mar,1991,7367,12995,57
Apr,1991,11050,29845,37
May,1991,29942,77700,39
Jun,1991,64719,87626,74
Jul,1991,26739,39424,68
Aug,1991,10497,16391,64
Sep,1991,10205,11879,86
Oct,1991,9697,12649,77
Nov,1991,10185,11395,89
Dec,1991,8112,9705,84
Jan,1992,7664,9845,78
Feb,1992,6984,8523,82
Mar,1992,13974,12995,108
Apr,1992,20805,29845,70
May,1992,37898,77700,49
Jun,1992,21181,87626,24
Jul,1992,11574,39424,29
Aug,1992,5657,16391,35
Sep,1992,5661,11879,48
Oct,1992,6964,12649,55
Nov,1992,6464,11395,57
Dec,1992,5923,9705,61
Jan,1993,6159,9845,63
Feb,1993,5554,8523,65
Mar,1993,11954,12995,92
Apr,1993,28858,29845,97
May,1993,113940,77700,147
Jun,1993,108456,87626,124
Jul,1993,47407,39424,120
Aug,1993,26192,16391,160
Sep,1993,12734,11879,107
Oct,1993,12593,12649,100
Nov,1993,9368,11395,82
Dec,1993,9122,9705,94
Jan,1994,8775,9845,89
Feb,1994,7113,8523,83
Mar,1994,10078,12995,78
Apr,1994,15388,29845,52
May,1994,31781,77700,41
Jun,1994,26632,87626,30
Jul,1994,8337,39424,21
Aug,1994,4877,16391,30
Sep,1994,3775,11879,32
Oct,1994,6321,12649,50
Nov,1994,5532,11395,49
Dec,1994,6044,9705,62
Jan,1995,6480,9845,66
Feb,1995,7135,8523,84
Mar,1995,17052,12995,131
Apr,1995,37291,29845,125
May,1995,98239,77700,126
Jun,1995,174208,87626,199
Jul,1995,135035,39424,343
Aug,1995,38229,16391,233
Sep,1995,18367,11879,155
Oct,1995,16334,12649,129
Nov,1995,14539,11395,128
Dec,1995,12516,9705,129
Jan,1996,10786,9845,110
Feb,1996,10760,8523,126
Mar,1996,16588,12995,128
Apr,1996,35798,29845,120
May,1996,92765,77700,119
Jun,1996,124324,87626,142
Jul,1996,51072,39424,130
Aug,1996,18258,16391,111
Sep,1996,12276,11879,103
Oct,1996,12226,12649,97
Nov,1996,13987,11395,123
Dec,1996,12028,9705,124
Jan,1997,18906,9845,192
Feb,1997,11078,8523,130
Mar,1997,18718,12995,144
Apr,1997,50836,29845,170
May,1997,159630,77700,205
Jun,1997,174803,87626,199
Jul,1997,65812,39424,167
Aug,1997,29863,16391,182
Sep,1997,18938,11879,159
Oct,1997,18514,12649,146
Nov,1997,15374,11395,135
Dec,1997,11038,9705,114
Jan,1998,12524,9845,127
Feb,1998,10385,8523,122
Mar,1998,13454,12995,104
Apr,1998,28582,29845,96
May,1998,103954,77700,134
Jun,1998,110797,87626,126
Jul,1998,80676,39424,205
Aug,1998,25204,16391,154
Sep,1998,17052,11879,144
Oct,1998,16100,12649,127
Nov,1998,14596,11395,128
Dec,1998,11147,9705,115
Jan,1999,11413,9845,116
Feb,1999,10080,8523,118
Mar,1999,15019,12995,116
Apr,1999,33471,29845,112
May,1999,87971,77700,113
Jun,1999,124939,87626,143
Jul,1999,51519,39424,131
Aug,1999,22596,16391,138
Sep,1999,14295,11879,120
Oct,1999,14650,12649,116
Nov,1999,13654,11395,120
Dec,1999,11425,9705,118
Jan,2000,11550,9845,117
Feb,2000,11103,8523,130
Mar,2000,13178,12995,101
Apr,2000,35326,29845,118
May,2000,64080,77700,82
Jun,2000,52594,87626,60
Jul,2000,17298,39424,44
Aug,2000,9691,16391,59
Sep,2000,10756,11879,91
Oct,2000,13775,12649,109
Nov,2000,12375,11395,109
Dec,2000,10381,9705,107
Jan,2001,9745,9845,99
Feb,2001,8160,8523,96
Mar,2001,12085,12995,93
Apr,2001,16344,29845,55
May,2001,39927,77700,51
Jun,2001,24107,87626,28
Jul,2001,11580,39424,29
Aug,2001,6165,16391,38
Sep,2001,5552,11879,47
Oct,2001,7261,12649,57
Nov,2001,7343,11395,64
Dec,2001,6657,9705,69
Jan,2002,6946,9845,71
Feb,2002,6424,8523,75
Mar,2002,8186,12995,63
Apr,2002,25819,29845,87
May,2002,44003,77700,57
Jun,2002,53256,87626,61
Jul,2002,16350,39424,41
Aug,2002,7327,16391,45
Sep,2002,6069,11879,51
Oct,2002,7589,12649,60
Nov,2002,7763,11395,68
Dec,2002,6805,9705,70
Jan,2003,8136,9845,83
Feb,2003,6867,8523,81
Mar,2003,10544,12995,81
Apr,2003,22657,29845,76
May,2003,69834,77700,90
Jun,2003,86815,87626,99
Jul,2003,22612,39424,57
Aug,2003,10336,16391,63
Sep,2003,8719,11879,73
Oct,2003,8440,12649,67
Nov,2003,7839,11395,69
Dec,2003,8063,9705,83
Jan,2004,7135,9845,72
Feb,2004,6428,8523,75
Mar,2004,14035,12995,108
Apr,2004,27949,29845,94
May,2004,35576,77700,46
Jun,2004,37452,87626,43
Jul,2004,18635,39424,47
Aug,2004,8688,16391,53
Sep,2004,7866,11879,66
Oct,2004,9848,12649,78
Nov,2004,9269,11395,81
Dec,2004,6887,9705,71
Jan,2005,7392,9845,75
Feb,2005,6417,8523,75
Mar,2005,9509,12995,73
Apr,2005,16881,29845,57
May,2005,93531,77700,120
Jun,2005,74190,87626,85
Jul,2005,34510,39424,88
Aug,2005,13343,16391,81
Sep,2005,9338,11879,79
Oct,2005,10709,12649,85
Nov,2005,9917,11395,87
Dec,2005,8757,9705,90
Jan,2006,9322,9845,95
Feb,2006,7930,8523,93
Mar,2006,9905,12995,76
Apr,2006,53117,29845,178
May,2006,208661,77700,269
Jun,2006,140192,87626,160
Jul,2006,46919,39424,119
Aug,2006,17897,16391,109
Sep,2006,13503,11879,114
Oct,2006,16491,12649,130
Nov,2006,13765,11395,121
Dec,2006,11109,9705,114
Jan,2007,10618,9845,108
Feb,2007,9172,8523,108
Mar,2007,15933,12995,123
Apr,2007,21900,29845,73
May,2007,43511,77700,56
Jun,2007,28298,87626,32
Jul,2007,9993,39424,25
Aug,2007,6468,16391,39
Sep,2007,6403,11879,54
Oct,2007,9263,12649,73
Nov,2007,8483,11395,74
Dec,2007,7624,9705,79
Jan,2008,8241,9845,84
Feb,2008,7724,8523,91
Mar,2008,8973,12995,69
Apr,2008,15866,29845,53
May,2008,69830,77700,90
Jun,2008,66664,87626,76
Jul,2008,28980,39424,74
Aug,2008,9911,16391,60
Sep,2008,7775,11879,65
Oct,2008,9423,12649,75
Nov,2008,10201,11395,90
Dec,2008,7833,9705,81
Jan,2009,8747,9845,89
Feb,2009,7339,8523,86
Mar,2009,9019,12995,69
Apr,2009,24139,29845,81
May,2009,62573,77700,81
Jun,2009,105699,87626,121
Jul,2009,40003,39424,101
Aug,2009,15991,16391,98
Sep,2009,10340,11879,87
Oct,2009,14860,12649,117
Nov,2009,11290,11395,99
Dec,2009,8820,9705,91
Jan,2010,9892,9845,100
Feb,2010,8029,8523,94
Mar,2010,9697,12995,75
Apr,2010,22982,29845,77
May,2010,34364,77700,44
Jun,2010,97184,87626,111
Jul,2010,41304,39424,105
Aug,2010,14838,16391,91
Sep,2010,10524,11879,89
Oct,2010,11320,12649,89
Nov,2010,11153,11395,98
Dec,2010,9656,9705,100
Jan,2011,9580,9845,97
Feb,2011,8005,8523,94
Mar,2011,9269,12995,71
Apr,2011,18918,29845,63
May,2011,71663,77700,92
Jun,2011,116640,87626,133
Jul,2011,75277,39424,191
Aug,2011,24980,16391,152
Sep,2011,13948,11879,117
Oct,2011,17665,12649,140
Nov,2011,12728,11395,112
Dec,2011,10296,9705,106
Jan,2012,10247,9845,104
Feb,2012,9005,8523,106
Mar,2012,14329,12995,110
Apr,2012,65086,29845,218
May,2012,87810,77700,113
Jun,2012,69812,87626,80
Jul,2012,28141,39424,71
Aug,2012,11687,16391,71
Sep,2012,9376,11879,79
Oct,2012,10895,12649,86
Nov,2012,10788,11395,95
Dec,2012,11318,9705,117
Jan,2013,9747,9845,99
Feb,2013,8565,8523,100
Mar,2013,11585,12995,89
Apr,2013,22403,29845,75
May,2013,49194,77700,63
Jun,2013,44501,87626,51
Jul,2013,17377,39424,44
Aug,2013,8081,16391,49
Sep,2013,12042,11879,101
Oct,2013,13876,12649,110
Nov,2013,10096,11395,89
Dec,2013,8007,9705,83
Jan,2014,8267,9845,84
Feb,2014,7660,8523,90
Mar,2014,14182,12995,109
Apr,2014,25593,29845,86
May,2014,53242,77700,69
Jun,2014,42494,87626,48
Jul,2014,18736,39424,48
Aug,2014,13454,16391,82
Sep,2014,8594,11879,72
Oct,2014,10300,12649,81
Nov,2014,8664,11395,76
Dec,2014,8718,9705,90
Jan,2015,8378,9845,85
Feb,2015,10848,8523,127
Mar,2015,19904,12995,153
Apr,2015,27106,29845,91
May,2015,49422,77700,64
Jun,2015,48801,87626,56
Jul,2015,15429,39424,39
Aug,2015,9628,16391,59
Sep,2015,8299,11879,70
Oct,2015,10352,12649,82
Nov,2015,8515,11395,75
Dec,2015,7793,9705,80
Jan,2016,8187,9845,83
Feb,2016,8813,8523,103
Mar,2016,15094,12995,116
Apr,2016,59901,29845,201
May,2016,71090,77700,91
Jun,2016,63852,87626,73
Jul,2016,21880,39424,56
Aug,2016,9689,16391,59
Sep,2016,9852,11879,83
Oct,2016,15927,12649,126
Nov,2016,18006,11395,158
Dec,2016,10304,9705,106
Jan,2017,10871,9845,110
Feb,2017,14269,8523,167
Mar,2017,35022,12995,270
Apr,2017,80152,29845,269
May,2017,214274,77700,276
Jun,2017,201521,87626,230
Jul,2017,76441,39424,194
Aug,2017,28838,16391,176
Sep,2017,19091,11879,161
Oct,2017,19660,12649,155
Nov,2017,17298,11395,152
Dec,2017,14106,9705,145
Jan,2018,12853,9845,131
Feb,2018,10879,8523,128
Mar,2018,14594,12995,112
Apr,2018,39455,29845,132
May,2018,99612,77700,128
Jun,2018,71230,87626,81
Jul,2018,24754,39424,63
Aug,2018,12413,16391,76
Sep,2018,9665,11879,81
Oct,2018,12040,12649,95
Nov,2018,10011,11395,88
Dec,2018,9082,9705,94
Jan,2019,9370,9845,95
Feb,2019,8329,8523,98
Mar,2019,9820,12995,76
Apr,2019,57977,29845,194
May,2019,103791,77700,134
Jun,2019,125058,87626,143
Jul,2019,52481,39424,133
Aug,2019,20166,16391,123
Sep,2019,13799,11879,116
Oct,2019,14690,12649,116
Nov,2019,11925,11395,105
Dec,2019,10994,9705,113
Jan,2020,10891,9845,111
Feb,2020,9039,8523,106
Mar,2020,11421,12995,88
Apr,2020,18593,29845,62
May,2020,38713,77700,50
Jun,2020,35474,87626,40
Jul,2020,14600,39424,37
Aug,2020,7500,16391,46
Sep,2020,6554,11879,55
Oct,2020,8654,12649,68
Nov,2020,8150,11395,72
Dec,2020,7343,9705,76
Jan,2021,7624,9845,77
Feb,2021,6694,8523,79
Mar,2021,8656,12995,67
Apr,2021,14805,29845,50
May,2021,27144,77700,35
Jun,2021,27318,87626,31
Jul,2021,9364,39424,24
Aug,2021,16391,,
Sep,2021,11879,,